rank;size;batch_size;total_loading_time;total_computing_time;total_time
0;1;16;0.2895176410675049;6.600107192993164;6.889624834060669
0;1;16;0.32596898078918457;6.147392511367798;6.473361492156982
0;1;16;0.21393060684204102;6.346308708190918;6.560239315032959
1;2;16;0.10004067420959473;19.101730346679688;19.201771020889282
0;2;16;0.10823345184326172;19.090673685073853;19.198907136917114
0;2;16;0.11422348022460938;19.070647716522217;19.184871196746826
1;2;16;0.149200439453125;19.028363704681396;19.17756414413452
1;2;16;0.06782221794128418;19.14737629890442;19.215198516845703
0;2;16;0.11893963813781738;19.101751804351807;19.220691442489624
2;3;16;0.07215213775634766;13.103554725646973;13.17570686340332
1;3;16;0.12662529945373535;13.090079307556152;13.216704607009888
0;3;16;0.04622983932495117;13.153021097183228;13.199250936508179
2;3;16;0.03862929344177246;13.293030023574829;13.331659317016602
1;3;16;0.04438328742980957;13.327737808227539;13.372121095657349
0;3;16;0.06104087829589844;13.292220830917358;13.353261709213257
1;3;16;0.11825990676879883;13.096428155899048;13.214688062667847
2;3;16;0.10211324691772461;13.146957159042358;13.249070405960083
0;3;16;0.09847784042358398;13.150270700454712;13.248748540878296
1;4;16;0.050604820251464844;11.538189888000488;11.588794708251953
0;4;16;0.0364992618560791;11.542724609375;11.579223871231079
2;4;16;0.04532623291015625;11.5585355758667;11.603861808776855
3;4;16;0.05352187156677246;11.55141282081604;11.604934692382812
0;4;16;0.05973005294799805;11.358502864837646;11.418232917785645
1;4;16;0.05018448829650879;11.35901927947998;11.40920376777649
3;4;16;0.047417402267456055;11.36063265800476;11.408050060272217
2;4;16;0.039644479751586914;11.381459712982178;11.421104192733765
0;4;16;0.02986311912536621;11.398947954177856;11.428811073303223
2;4;16;0.028917789459228516;11.404449939727783;11.433367729187012
3;4;16;0.0275421142578125;11.370181798934937;11.397723913192749
1;4;16;0.04145026206970215;11.357932329177856;11.399382591247559
1;5;16;0.03274703025817871;9.974396467208862;10.007143497467041
4;5;16;0.046082496643066406;10.237783670425415;10.283866167068481
0;5;16;0.04866647720336914;10.05513072013855;10.103797197341919
2;5;16;0.053186893463134766;10.327840566635132;10.381027460098267
3;5;16;0.04698753356933594;10.23475193977356;10.281739473342896
0;5;16;0.053005218505859375;9.937876224517822;9.990881443023682
4;5;16;0.08090353012084961;10.015903949737549;10.096807479858398
1;5;16;0.07871103286743164;9.974374294281006;10.053085327148438
3;5;16;0.07125496864318848;9.986610889434814;10.057865858078003
2;5;16;0.0717158317565918;9.99731731414795;10.069033145904541
3;5;16;0.05617785453796387;10.180877208709717;10.23705506324768
1;5;16;0.04158830642700195;10.198695421218872;10.240283727645874
0;5;16;0.08783173561096191;10.264288187026978;10.35211992263794
2;5;16;0.05916786193847656;10.573133945465088;10.632301807403564
4;5;16;0.04505515098571777;10.628381967544556;10.673437118530273
0;6;16;0.031409502029418945;7.6926867961883545;7.724096298217773
3;6;16;0.02897357940673828;7.672734260559082;7.70170783996582
1;6;16;0.0678567886352539;7.661065340042114;7.728922128677368
2;6;16;0.02475428581237793;8.140998840332031;8.16575312614441
4;6;16;0.023985624313354492;8.12807822227478;8.152063846588135
5;6;16;0.036031484603881836;7.654238224029541;7.690269708633423
0;6;16;0.024412155151367188;7.678394079208374;7.702806234359741
1;6;16;0.048254966735839844;7.627060651779175;7.675315618515015
3;6;16;0.03197979927062988;7.670154809951782;7.702134609222412
5;6;16;0.019695758819580078;7.6221764087677;7.64187216758728
4;6;16;0.03853034973144531;8.088897466659546;8.127427816390991
2;6;16;0.024291276931762695;8.100701332092285;8.124992609024048
1;6;16;0.02543926239013672;7.656829833984375;7.682269096374512
3;6;16;0.02960371971130371;7.67119288444519;7.700796604156494
5;6;16;0.046213626861572266;7.633490085601807;7.679703712463379
0;6;16;0.03328514099121094;7.6663923263549805;7.699677467346191
4;6;16;0.039984941482543945;7.783286809921265;7.823271751403809
2;6;16;0.02509617805480957;7.825354099273682;7.850450277328491
0;1;32;0.30035853385925293;10.33381724357605;10.634175777435303
0;1;32;0.3156311511993408;9.599311351776123;9.914942502975464
0;1;32;0.23746061325073242;10.144612312316895;10.382072925567627
1;2;32;0.09629344940185547;36.20069861412048;36.29699206352234
0;2;32;0.12807989120483398;36.16825556755066;36.29633545875549
0;2;32;0.14514756202697754;36.125025033950806;36.27017259597778
1;2;32;0.06910276412963867;36.19775319099426;36.2668559551239
0;2;32;0.10342121124267578;36.17254328727722;36.2759644985199
1;2;32;0.08716964721679688;36.19251537322998;36.27968502044678
1;3;32;0.17181158065795898;24.12852692604065;24.30033850669861
0;3;32;0.19639086723327637;24.124247789382935;24.32063865661621
2;3;32;0.19423365592956543;24.15079927444458;24.345032930374146
1;3;32;0.10132098197937012;23.8049476146698;23.90626859664917
0;3;32;0.09483933448791504;23.828405618667603;23.923244953155518
2;3;32;0.07281231880187988;23.85077929496765;23.92359161376953
2;3;32;0.15193867683410645;23.49634099006653;23.648279666900635
1;3;32;0.1649610996246338;23.534937143325806;23.69989824295044
0;3;32;0.14847469329833984;23.53463363647461;23.68310832977295
0;4;32;0.06827139854431152;19.89708185195923;19.96535325050354
1;4;32;0.06997966766357422;19.882711172103882;19.952690839767456
2;4;32;0.05503416061401367;19.888125896453857;19.94316005706787
3;4;32;0.05233478546142578;19.878758907318115;19.93109369277954
1;4;32;0.11027216911315918;19.942260026931763;20.052532196044922
3;4;32;0.06444764137268066;19.990785360336304;20.055233001708984
2;4;32;0.07620763778686523;19.964542388916016;20.04075002670288
0;4;32;0.09064722061157227;19.9585280418396;20.049175262451172
3;4;32;0.10184955596923828;19.94183111190796;20.043680667877197
0;4;32;0.13350486755371094;19.947614431381226;20.081119298934937
2;4;32;0.13158130645751953;20.139572620391846;20.271153926849365
1;4;32;0.0886387825012207;19.980944395065308;20.06958317756653
1;5;32;0.10401272773742676;16.502786874771118;16.606799602508545
2;5;32;0.05623817443847656;16.551573753356934;16.60781192779541
4;5;32;0.04714512825012207;16.58384370803833;16.630988836288452
3;5;32;0.07558441162109375;16.577558040618896;16.65314245223999
0;5;32;0.08880281448364258;16.617405891418457;16.7062087059021
1;5;32;0.0513761043548584;16.94466519355774;16.996041297912598
0;5;32;0.04841327667236328;16.9227077960968;16.971121072769165
3;5;32;0.07071828842163086;16.976250648498535;17.046968936920166
2;5;32;0.05907726287841797;16.982930421829224;17.04200768470764
4;5;32;0.05833864212036133;16.98874044418335;17.04707908630371
3;5;32;0.1084127426147461;16.5679030418396;16.676315784454346
4;5;32;0.10489845275878906;16.59167456626892;16.69657301902771
1;5;32;0.10718774795532227;16.62664008140564;16.733827829360962
0;5;32;0.060265302658081055;16.656702280044556;16.716967582702637
2;5;32;0.07821249961853027;16.59631609916687;16.6745285987854
0;6;32;0.0919947624206543;14.736456871032715;14.82845163345337
1;6;32;0.12762713432312012;14.676413297653198;14.804040431976318
2;6;32;0.12354111671447754;14.951402425765991;15.074943542480469
5;6;32;0.043253421783447266;14.79008936882019;14.833342790603638
3;6;32;0.09016013145446777;14.731014490127563;14.821174621582031
4;6;32;0.1021425724029541;14.96142578125;15.063568353652954
0;6;32;0.04319357872009277;15.149611473083496;15.192805051803589
1;6;32;0.08014321327209473;15.16034984588623;15.240493059158325
2;6;32;0.06717228889465332;15.17394733428955;15.241119623184204
4;6;32;0.06118583679199219;15.123123407363892;15.184309244155884
3;6;32;0.07689762115478516;15.166404724121094;15.243302345275879
5;6;32;0.061945199966430664;15.182382583618164;15.244327783584595
0;6;32;0.08681702613830566;14.979020118713379;15.065837144851685
1;6;32;0.06466984748840332;14.961451530456543;15.026121377944946
2;6;32;0.09169626235961914;14.990376234054565;15.082072496414185
3;6;32;0.14049005508422852;14.94171667098999;15.082206726074219
4;6;32;0.0902254581451416;14.994213342666626;15.084438800811768
5;6;32;0.03957653045654297;14.970510721206665;15.010087251663208
0;1;64;0.5219042301177979;17.851921796798706;18.373826026916504
0;1;64;0.39421939849853516;18.434858798980713;18.829078197479248
0;1;64;0.407822847366333;18.201693296432495;18.609516143798828
1;2;64;0.1414928436279297;70.62029266357422;70.76178550720215
0;2;64;0.15920376777648926;70.60502219200134;70.76422595977783
0;2;64;0.2522296905517578;70.43458390235901;70.68681359291077
1;2;64;0.20892834663391113;70.47678136825562;70.68570971488953
1;2;64;0.21321368217468262;70.6227068901062;70.83592057228088
0;2;64;0.2603631019592285;70.57608270645142;70.83644580841064
1;3;64;0.15523123741149902;47.13789701461792;47.29312825202942
0;3;64;0.16135621070861816;47.15455341339111;47.31590962409973
2;3;64;0.1391003131866455;47.1784086227417;47.317508935928345
1;3;64;0.14649748802185059;47.25270318984985;47.399200677871704
2;3;64;0.15050649642944336;47.30992364883423;47.46043014526367
0;3;64;0.1625993251800537;47.27872610092163;47.441325426101685
2;3;64;0.18653583526611328;47.48394012451172;47.67047595977783
0;3;64;0.19843626022338867;47.507644176483154;47.70608043670654
1;3;64;0.20403575897216797;47.501946449279785;47.70598220825195
0;4;64;0.1607499122619629;37.167614698410034;37.328364610672
2;4;64;0.1343083381652832;37.17907357215881;37.3133819103241
1;4;64;0.17142772674560547;37.161598920822144;37.33302664756775
3;4;64;0.16808342933654785;37.16879987716675;37.336883306503296
0;4;64;0.15978360176086426;36.886974811553955;37.04675841331482
1;4;64;0.17969393730163574;36.88861298561096;37.0683069229126
2;4;64;0.19600987434387207;36.87859296798706;37.07460284233093
3;4;64;0.16959929466247559;36.92001914978027;37.08961844444275
0;4;64;0.15300679206848145;36.95972681045532;37.112733602523804
1;4;64;0.17590665817260742;36.95112133026123;37.12702798843384
2;4;64;0.1462850570678711;36.98026394844055;37.12654900550842
3;4;64;0.1590883731842041;36.972100019454956;37.13118839263916
2;5;64;0.09917902946472168;29.68280553817749;29.781984567642212
4;5;64;0.0932149887084961;29.650583505630493;29.74379849433899
3;5;64;0.10132312774658203;29.733032941818237;29.83435606956482
1;5;64;0.17139244079589844;29.658024072647095;29.829416513442993
0;5;64;0.07999730110168457;29.996746063232422;30.076743364334106
4;5;64;0.1347370147705078;29.834767818450928;29.969504833221436
0;5;64;0.10511445999145508;29.661580562591553;29.766695022583008
1;5;64;0.16026806831359863;29.63582491874695;29.796092987060547
2;5;64;0.10346865653991699;29.923869371414185;30.0273380279541
3;5;64;0.08463597297668457;29.71271014213562;29.797346115112305
0;5;64;0.06819653511047363;30.01135492324829;30.079551458358765
3;5;64;0.057424306869506836;29.998719453811646;30.056143760681152
4;5;64;0.0722966194152832;30.089355945587158;30.16165256500244
2;5;64;0.06078529357910156;30.104240894317627;30.16502618789673
1;5;64;0.12891101837158203;30.07529306411743;30.204204082489014
0;6;64;0.07367968559265137;25.807992935180664;25.881672620773315
2;6;64;0.054610252380371094;26.337127208709717;26.391737461090088
1;6;64;0.06296777725219727;25.78871750831604;25.851685285568237
4;6;64;0.08009099960327148;26.310990571975708;26.39108157157898
5;6;64;0.06437087059020996;25.80910348892212;25.87347435951233
3;6;64;0.05570220947265625;25.830913305282593;25.88661551475525
1;6;64;0.09484052658081055;25.75301694869995;25.84785747528076
0;6;64;0.10742712020874023;25.770674467086792;25.878101587295532
2;6;64;0.1341228485107422;26.191936492919922;26.326059341430664
4;6;64;0.08885335922241211;26.24161386489868;26.330467224121094
5;6;64;0.1024169921875;25.73995280265808;25.84236979484558
3;6;64;0.08826565742492676;25.790040493011475;25.8783061504364
0;6;64;0.07216763496398926;25.948452711105347;26.020620346069336
1;6;64;0.08465003967285156;25.898423194885254;25.983073234558105
2;6;64;0.08736801147460938;26.168076038360596;26.255444049835205
4;6;64;0.08747100830078125;26.14920449256897;26.23667550086975
5;6;64;0.06390023231506348;25.905803680419922;25.969703912734985
3;6;64;0.08292269706726074;25.930219650268555;26.013142347335815
0;1;128;0.9063446521759033;33.70501112937927;34.611355781555176
0;1;128;0.6859738826751709;32.730392932891846;33.41636681556702
0;1;128;0.6518423557281494;32.67863392829895;33.3304762840271
1;2;128;0.3590245246887207;139.0006697177887;139.35969424247742
0;2;128;0.3043828010559082;139.05576920509338;139.3601520061493
0;2;128;0.35192418098449707;139.13343715667725;139.48536133766174
1;2;128;0.3622004985809326;139.12001752853394;139.48221802711487
0;2;128;0.530797004699707;138.7696328163147;139.3004298210144
1;2;128;0.40965843200683594;138.8936367034912;139.30329513549805
0;3;128;0.2995021343231201;92.45801949501038;92.7575216293335
2;3;128;0.25685548782348633;92.51959252357483;92.77644801139832
1;3;128;0.2850208282470703;92.53364539146423;92.8186662197113
1;3;128;0.2815721035003662;92.30563354492188;92.58720564842224
2;3;128;0.2696969509124756;92.37177515029907;92.64147210121155
0;3;128;0.2625117301940918;92.36896252632141;92.6314742565155
1;3;128;0.22050738334655762;92.64969229698181;92.87019968032837
0;3;128;0.28617024421691895;92.63044691085815;92.91661715507507
2;3;128;0.21325230598449707;92.71838712692261;92.9316394329071
3;4;128;0.2767341136932373;71.4204113483429;71.69714546203613
0;4;128;0.21998023986816406;71.48187232017517;71.70185256004333
2;4;128;0.3719358444213867;71.51596879959106;71.88790464401245
1;4;128;0.23708868026733398;71.44491219520569;71.68200087547302
0;4;128;0.22954416275024414;71.59221267700195;71.8217568397522
2;4;128;0.36424684524536133;71.65169167518616;72.01593852043152
3;4;128;0.22340631484985352;71.55953192710876;71.78293824195862
1;4;128;0.2794969081878662;71.5291678905487;71.80866479873657
0;4;128;0.19066739082336426;71.6232795715332;71.81394696235657
3;4;128;0.16605424880981445;71.66771268844604;71.83376693725586
2;4;128;0.1727151870727539;71.66976618766785;71.8424813747406
1;4;128;0.19059228897094727;71.65508437156677;71.84567666053772
0;5;128;0.29381775856018066;58.758485317230225;59.052303075790405
2;5;128;0.22103118896484375;59.067628383636475;59.28865957260132
3;5;128;0.1461188793182373;58.92682194709778;59.072940826416016
1;5;128;0.20001506805419922;58.880250453948975;59.080265522003174
4;5;128;0.25449037551879883;59.338074684143066;59.592565059661865
1;5;128;0.14621973037719727;59.12756156921387;59.273781299591064
3;5;128;0.12985849380493164;59.145684480667114;59.275542974472046
2;5;128;0.14631247520446777;59.234272480010986;59.380584955215454
4;5;128;0.1825871467590332;59.18914270401001;59.37172985076904
0;5;128;0.15246915817260742;59.29943084716797;59.451900005340576
3;5;128;0.1474928855895996;58.61994743347168;58.76744031906128
0;5;128;0.13312482833862305;58.60915160179138;58.742276430130005
1;5;128;0.21180081367492676;58.595640897750854;58.80744171142578
2;5;128;0.17877650260925293;58.629918575286865;58.80869507789612
4;5;128;0.15807104110717773;58.78869867324829;58.94676971435547
0;6;128;0.17221856117248535;50.34234309196472;50.51456165313721
1;6;128;0.1879589557647705;50.314573526382446;50.50253248214722
2;6;128;0.22922086715698242;50.769278049468994;50.99849891662598
3;6;128;0.13495731353759766;50.409850120544434;50.54480743408203
5;6;128;0.1065969467163086;50.385388135910034;50.49198508262634
4;6;128;0.24877643585205078;50.75719237327576;51.00596880912781
0;6;128;0.1745295524597168;50.54062104225159;50.715150594711304
1;6;128;0.1318509578704834;50.56674408912659;50.69859504699707
2;6;128;0.24411916732788086;50.72232270240784;50.96644186973572
3;6;128;0.11217594146728516;50.59727501869202;50.7094509601593
4;6;128;0.29154300689697266;50.65978145599365;50.951324462890625
5;6;128;0.16524291038513184;50.530866861343384;50.696109771728516
1;6;128;0.19322896003723145;50.47449588775635;50.66772484779358
0;6;128;0.18949079513549805;50.44971776008606;50.63920855522156
3;6;128;0.14906668663024902;50.51844596862793;50.66751265525818
2;6;128;0.10723376274108887;50.53752422332764;50.644757986068726
5;6;128;0.12479329109191895;50.54087710380554;50.66567039489746
4;6;128;0.09634160995483398;50.570263147354126;50.66660475730896
0;1;256;0.9865217208862305;64.83636474609375;65.82288646697998
0;1;256;1.5344290733337402;64.55065321922302;66.08508229255676
0;1;256;1.2238214015960693;65.26255774497986;66.48637914657593
0;2;256;0.6954402923583984;276.7960388660431;277.4914791584015
1;2;256;0.5640990734100342;276.9263434410095;277.49044251441956
1;2;256;0.7084698677062988;274.4911541938782;275.1996240615845
0;2;256;0.7427241802215576;274.48114228248596;275.2238664627075
1;2;256;0.5294418334960938;276.73749256134033;277.2669343948364
0;2;256;0.6298305988311768;276.64034056663513;277.2701711654663
2;3;256;0.32828330993652344;185.55904173851013;185.88732504844666
1;3;256;0.3398439884185791;185.59863376617432;185.9384777545929
0;3;256;0.3552427291870117;185.56869888305664;185.92394161224365
1;3;256;0.3541419506072998;185.2849519252777;185.639093875885
2;3;256;0.3170046806335449;185.3866376876831;185.70364236831665
0;3;256;0.366788387298584;185.318354845047;185.68514323234558
0;3;256;0.44920897483825684;185.47714233398438;185.92635130882263
1;3;256;0.41162538528442383;185.58476161956787;185.9963870048523
2;3;256;0.3554420471191406;185.59811973571777;185.9535617828369
2;4;256;0.25429868698120117;139.86265087127686;140.11694955825806
0;4;256;0.31075263023376465;139.78803038597107;140.09878301620483
3;4;256;0.2680788040161133;139.82476949691772;140.09284830093384
1;4;256;0.2829256057739258;139.8010959625244;140.08402156829834
0;4;256;0.3756082057952881;140.1891303062439;140.56473851203918
1;4;256;0.34895777702331543;140.19770097732544;140.54665875434875
2;4;256;0.45334935188293457;140.31814622879028;140.77149558067322
3;4;256;0.2721717357635498;140.2862467765808;140.55841851234436
0;4;256;0.38779163360595703;140.4137303829193;140.80152201652527
1;4;256;0.35535526275634766;140.42440795898438;140.77976322174072
2;4;256;0.5234775543212891;140.50760865211487;141.03108620643616
3;4;256;0.27524733543395996;140.49882125854492;140.77406859397888
3;5;256;0.24803662300109863;117.35885953903198;117.60689616203308
2;5;256;0.2843761444091797;117.3987045288086;117.68308067321777
1;5;256;0.27219438552856445;117.41366529464722;117.68585968017578
0;5;256;0.2702319622039795;117.46097779273987;117.73120975494385
4;5;256;0.1916060447692871;117.53886985778809;117.73047590255737
3;5;256;0.400787353515625;116.94688057899475;117.34766793251038
2;5;256;0.26792240142822266;117.08106517791748;117.3489875793457
4;5;256;0.2679874897003174;117.10975885391235;117.37774634361267
1;5;256;0.36940836906433105;117.05121421813965;117.42062258720398
0;5;256;0.3126485347747803;117.06724619865417;117.37989473342896
1;5;256;0.31456637382507324;117.25951981544495;117.57408618927002
0;5;256;0.23475050926208496;117.29943680763245;117.53418731689453
4;5;256;0.24453425407409668;117.30166625976562;117.54620051383972
2;5;256;0.24344110488891602;117.40573763847351;117.64917874336243
3;5;256;0.25714802742004395;117.65744590759277;117.91459393501282
0;6;256;0.19074511528015137;97.68095588684082;97.87170100212097
1;6;256;0.17806124687194824;97.65741300582886;97.8354742527008
2;6;256;0.24608087539672852;97.70537495613098;97.95145583152771
4;6;256;0.20305681228637695;97.70279836654663;97.90585517883301
5;6;256;0.15627384185791016;97.66228294372559;97.8185567855835
3;6;256;0.190964937210083;97.68462085723877;97.87558579444885
2;6;256;0.18757247924804688;98.1480712890625;98.33564376831055
0;6;256;0.18601369857788086;98.14188241958618;98.32789611816406
1;6;256;0.2135941982269287;98.12954115867615;98.34313535690308
3;6;256;0.18287897109985352;98.168625831604;98.35150480270386
4;6;256;0.18121027946472168;98.14984679222107;98.33105707168579
5;6;256;0.20615005493164062;98.12627482414246;98.3324248790741
0;6;256;0.16878890991210938;97.72505378723145;97.89384269714355
1;6;256;0.16820144653320312;97.74229311943054;97.91049456596375
2;6;256;0.19948148727416992;97.76658129692078;97.96606278419495
3;6;256;0.1902294158935547;97.8355085849762;98.02573800086975
4;6;256;0.13894939422607422;97.8024959564209;97.94144535064697
5;6;256;0.1452198028564453;97.84836459159851;97.99358439445496